IntPen,world
Afghanistan,Afghanistan
Albania,Albania
Algeria,Algeria
Angola,Angola
Armenia,Armenia
Aruba,Aruba
Australia,Australia
Austria,Austria
Azerbaijan,Azerbaijan
Bangladesh,Bangladesh
Barbados,Barbados
Belarus,Belarus
Belize,Belize
Benin,Benin
Bermuda,Bermuda
Bhutan,Bhutan
Bolivia,Bolivia
Bulgaria,Bulgaria
Burkina Faso,Burkina Faso
Cambodia,Cambodia
Cameroon,Cameroon
Cape Verde,Cape Verde
Cayman Islands,Cayman Islands
Central African Republic,Central African Republic
Chad,Chad
Chile,Chile
Comoros,Comoros
Cuba,Cuba
Cyprus,Cyprus
Czech Republic,Czech Republic
Djibouti,Djibouti
Dominican Republic,Dominican Republic
Ecuador,Ecuador
Equatorial Guinea,Equatorial Guinea
Finland,Finland
France,France
French Polynesia,French Polynesia
Gabon,Gabon
"Gambia, The",Gambia
Georgia,Georgia
Germany,Germany
Ghana,Ghana
Greenland,Greenland
Grenada,Grenada
Guinea,Guinea
Guyana,Guyana
Honduras,Honduras
Iceland,Iceland
Ireland,Ireland
Israel,Israel
Italy,Italy
Jamaica,Jamaica
Japan,Japan
Jordan,Jordan
Kazakhstan,Kazakhstan
Kenya,Kenya
Kiribati,Kiribati
Kuwait,Kuwait
Lesotho,Lesotho
Liberia,Liberia
Liechtenstein,Liechtenstein
Lithuania,Lithuania
Luxembourg,Luxembourg
Madagascar,Madagascar
Malaysia,Malaysia
Maldives,Maldives
Mali,Mali
Malta,Malta
Mauritania,Mauritania
Mexico,Mexico
Monaco,Monaco
Mongolia,Mongolia
Montenegro,Montenegro
Morocco,Morocco
Netherlands,Netherlands
New Zealand,New Zealand
Nicaragua,Nicaragua
Niger,Niger
Pakistan,Pakistan
Palau,Palau
Paraguay,Paraguay
Peru,Peru
Philippines,Philippines
Puerto Rico,Puerto Rico
Romania,Romania
Rwanda,Rwanda
Samoa,Samoa
San Marino,San Marino
Sao Tome and Principe,Sao Tome and Principe
Senegal,Senegal
Serbia,Serbia
Seychelles,Seychelles
Sierra Leone,Sierra Leone
Singapore,Singapore
Slovenia,Slovenia
Somalia,Somalia
South Sudan,South Sudan
Sudan,Sudan
Swaziland,Swaziland
Switzerland,Switzerland
Tajikistan,Tajikistan
Thailand,Thailand
Timor-Leste,Timor-Leste
Togo,Togo
Turkmenistan,Turkmenistan
Turks and Caicos Islands,Turks and Caicos Islands
Uganda,Uganda
Ukraine,Ukraine
United Kingdom,UK
United States,USA
Vietnam,Vietnam
Zambia,Zambia
Zimbabwe,Zimbabwe
